{
    "rmse": 0.22941573387056177,
    "mae": 0.05263157894736842,
    "r2": 0.7888888888888889,
    "precision": 0.96875,
    "recall": 0.93,
    "f1": 0.9489795918367346,
    "accuracy": 0.9473684210526315
}