{
    "rmse": 0.2406132515928939,
    "mae": 0.05789473684210526,
    "r2": 0.763280099671537
}